UserID,MemberName,TeamName,Z
17816674,セル,GeMuse,Z1
18322396,栗山さとみ,GeMuse,Z1
17277753,日向まりの,GeMuse,Z1
18325377,白咲ひかり,GeMuse,Z1
17843359,藤宮かれん,GeMuse,Z1
18236437,雪野まひろ,policy,Z1
18323091,花井瑠莉奈,policy,Z1
18324664,空音ここみ,policy,Z1
18325059,朝比奈凛,policy,Z1
18325046,白花まりや,policy,Z1
15497902,りりあ,まぶだちゅ！,Z1
17012428,希咲りほ,まぶだちゅ！,Z1
18324686,三崎桃果,まぶだちゅ！,Z1
16268782,POLLIE,まぶだちゅ！,Z1
15149101,白咲ひとみ,まぶだちゅ！,Z1
18323474,水無月黎音,Eleminus,Z2
17450977,姫菫めぐ,Eleminus,Z2
18359702,鈴蘭なび,Eleminus,Z2
18323582,雪名ゆき,Eleminus,Z2
18330867,愛乃もも,Eleminus,Z2
17788691,神乃さや,inest,Z2
10049453,白雪らら,inest,Z2
18324871,桜井みなみ,inest,Z2
18323389,夏月涼花,inest,Z2
16961204,綾瀬ななみ,inest,Z2
18320795,なのは,Lilly Palette,Z2
18323162,平手美羽,Lilly Palette,Z2
18321708,藤堂いちご,Lilly Palette,Z2
18320812,駒音にこ,Lilly Palette,Z2
17960902,倉田いとは,Lilly Palette,Z2
18324271,あまの,くろれぱふぇ,Z2
18323171,春風りな,くろれぱふぇ,Z2
18322580,星野らら,くろれぱふぇ,Z2
18325056,理生,くろれぱふぇ,Z2
18321693,松井ほのか,くろれぱふぇ,Z2
18321472,安室ことり,ぺぷるっ！,Z2
8323532,ゆり,ぺぷるっ！,Z2
18323398,夢咲ここあ ,ぺぷるっ！,Z2
18348648,七瀬ゆめ,ぺぷるっ！,Z2
18314414,星凪ゆあ,ぺぷるっ！,Z2
17100255,枢木ゆん,メロディーアロウ,Z2
18325540,池田 遥希,メロディーアロウ,Z2
18324803,真白もるつ,メロディーアロウ,Z2
18324140,望月まりあ,メロディーアロウ,Z2
18326499,黒川奈音,メロディーアロウ,Z2
